{"a": {"1.0-precision": [0.8741721854304636, 0.9521739130434783, 0.9224137931034483, 0.8288, 0.9630281690140845, 0.8888888888888888, 0.9874776386404294, 0.861236802413273, 0.8611940298507462, 0.9047619047619048], "1.0-recall": [0.8839285714285714, 0.9358974358974359, 0.9553571428571429, 0.925, 0.9767857142857143, 0.9428571428571428, 0.9857142857142858, 0.926948051948052, 0.9366883116883117, 0.9160714285714285], "1.0-f1-score": [0.8790233074361821, 0.9439655172413793, 0.9385964912280702, 0.8742616033755274, 0.9698581560283689, 0.9150779896013864, 0.9865951742627347, 0.8928850664581705, 0.8973561430793157, 0.9103815439219166], "2.0-precision": [0.9808118081180812, 0.9889135254988913, 0.992979992979993, 0.988313856427379, 0.9964147821290679, 0.9910838673725272, 0.9978040076859731, 0.9885028104241186, 0.9900051255766273, 0.98699501936912], "2.0-recall": [0.9790055248618784, 0.9918458117123795, 0.987434554973822, 0.970757037441924, 0.9942212438084755, 0.9817830527187413, 0.9980779791323449, 0.9767735420348397, 0.9764914054600606, 0.9850869925434963], "2.0-f1-score": [0.9799078341013825, 0.9903774981495188, 0.9901995099754989, 0.9794567765062733, 0.9953168044077135, 0.9864115363283417, 0.9979409746053535, 0.9826031746031746, 0.9832018325273606, 0.9860400829302004], "accuracy": [0.9655390452102435, 0.983575489576753, 0.9830968910353154, 0.9646835743067077, 0.9918931807343825, 0.9765718383934975, 0.9964302712993812, 0.9700677299541184, 0.9711286089238845, 0.9758430997369051], "macro avg-precision": [0.9274919967742724, 0.9705437192711848, 0.9576968930417207, 0.9085569282136895, 0.9797214755715762, 0.9399863781307081, 0.9926408231632012, 0.9248698064186958, 0.9255995777136867, 0.9458784620655124], "macro avg-recall": [0.931467048145225, 0.9638716238049077, 0.9713958489154825, 0.947878518720962, 0.9855034790470949, 0.962320097787942, 0.9918961324233153, 0.9518607969914459, 0.9565898585741861, 0.9505792105574624], "macro avg-f1-score": [0.9294655707687822, 0.967171507695449, 0.9643980006017845, 0.9268591899409003, 0.9825874802180412, 0.950744762964864, 0.9922680744340441, 0.9377441205306725, 0.9402789878033382, 0.9482108134260585], "weighted avg-precision": [0.9657076187522727, 0.9834826541694114, 0.9834376876540973, 0.9671411236472577, 0.9919568652610682, 0.9774024932508831, 0.9964278138103176, 0.9713745908622481, 0.9726499998182848, 0.9759807777570557], "weighted avg-recall": [0.9655390452102435, 0.983575489576753, 0.9830968910353154, 0.9646835743067077, 0.9918931807343825, 0.9765718383934975, 0.9964302712993812, 0.9700677299541184, 0.9711286089238845, 0.9758430997369051], "weighted avg-f1-score": [0.9656187832174085, 0.9835168515718153, 0.9832214983851433, 0.9654939187311565, 0.9919174617533422, 0.9768617428387182, 0.996428921251744, 0.9705283756918085, 0.9716355716568453, 0.9759064350362423]}, "b": {"1.0-precision": [0.8509719222462203, 0.9753914988814317, 0.9130434782608695, 0.784251968503937, 0.9660107334525939, 0.9705340699815838, 0.951473136915078, 0.8426470588235294, 0.8728414442700158, 0.8769230769230769], "1.0-recall": [0.8794642857142857, 0.9316239316239316, 0.9375, 0.8892857142857142, 0.9642857142857143, 0.9410714285714286, 0.9803571428571428, 0.9301948051948052, 0.9025974025974026, 0.9160714285714285], "1.0-f1-score": [0.8649835345773874, 0.9530054644808744, 0.9251101321585903, 0.8334728033472804, 0.9651474530831099, 0.955575702629193, 0.9656992084432717, 0.8842592592592592, 0.8874700718276138, 0.8960698689956331], "2.0-precision": [0.98, 0.9882309672673777, 0.9901857693655801, 0.9827008928571429, 0.9944979367262724, 0.990934065934066, 0.9969655172413793, 0.9889658711829612, 0.9847522236340533, 0.9869299221357063], "2.0-recall": [0.974585635359116, 0.9959229058561898, 0.9860383944153578, 0.9625580759770429, 0.9947716015410016, 0.9955837703560585, 0.9923119165293794, 0.9729866195405201, 0.9795247724974722, 0.980115990057995], "2.0-f1-score": [0.9772853185595568, 0.9920620269521876, 0.9881077299755159, 0.9725251967416817, 0.9946347503095336, 0.9932534765248521, 0.9946332737030411, 0.9809111733265462, 0.982131542263338, 0.9835111542192048], "accuracy": [0.9611128675308251, 0.9864181933038535, 0.9794747962571687, 0.9528324247452002, 0.9907010014306151, 0.9882859191967488, 0.9907187053783912, 0.9672274415556041, 0.9691601049868767, 0.9715379095910069], "macro avg-precision": [0.9154859611231101, 0.9818112330744047, 0.9516146238132248, 0.8834764306805399, 0.9802543350894332, 0.9807340679578249, 0.9742193270782287, 0.9158064650032454, 0.9287968339520345, 0.9319264995293917], "macro avg-recall": [0.9270249605367009, 0.9637734187400607, 0.961769197207679, 0.9259218951313786, 0.979528657913358, 0.9683275994637435, 0.9863345296932611, 0.9515907123676627, 0.9410610875474374, 0.9480937093147117], "macro avg-f1-score": [0.9211344265684721, 0.9725337457165311, 0.9566089310670531, 0.902999000044481, 0.9798911016963218, 0.9744145895770225, 0.9801662410731564, 0.9325852162929027, 0.9348008070454759, 0.939790511607419], "weighted avg-precision": [0.9617247616712952, 0.9863330294263725, 0.9797542129469534, 0.9563601965694454, 0.9906942090597822, 0.9882030122086559, 0.9909027535615295, 0.9692734114028847, 0.969674130876344, 0.972195687904883], "weighted avg-recall": [0.9611128675308251, 0.9864181933038535, 0.9794747962571687, 0.9528324247452002, 0.9907010014306151, 0.9882859191967488, 0.9907187053783912, 0.9672274415556041, 0.9691601049868767, 0.9715379095910069], "weighted avg-f1-score": [0.9613791537716935, 0.9862886626955311, 0.979588887892213, 0.9540683727784522, 0.9906974860160674, 0.9882093566631335, 0.9907772345441953, 0.9679031813961444, 0.969377503376985, 0.9717993341462079]}, "c": {"1.0-precision": [0.7808764940239044, 0.9182389937106918, 0.8248031496062992, 0.7406296851574213, 0.9435626102292769, 0.8516666666666667, 0.9139966273187183, 0.7811217510259918, 0.9108589951377634, 0.8344481605351171], "1.0-recall": [0.875, 0.9358974358974359, 0.9352678571428571, 0.8821428571428571, 0.9553571428571429, 0.9125, 0.9678571428571429, 0.926948051948052, 0.9123376623376623, 0.8910714285714286], "1.0-f1-score": [0.8252631578947368, 0.926984126984127, 0.8765690376569036, 0.8052159739201304, 0.9494232475598936, 0.8810344827586206, 0.9401561144839549, 0.8478099480326653, 0.9115977291159773, 0.8618307426597583], "2.0-precision": [0.9789552799699361, 0.9888434362216437, 0.9896613190730837, 0.981418918918919, 0.9931072511717673, 0.9863243092380687, 0.9950124688279302, 0.9882995319812793, 0.986346396965866, 0.9829751604800446], "2.0-recall": [0.9594843462246777, 0.985544848035582, 0.9689354275741711, 0.9527193222191855, 0.9911942762795817, 0.9754347226055755, 0.985996705107084, 0.9596061600605907, 0.9860970677451971, 0.9726594863297432], "2.0-f1-score": [0.969122023809524, 0.987191386671617, 0.979188712522046, 0.9668561919289974, 0.9921498416196115, 0.980849292256453, 0.9904840711625983, 0.9737415140258742, 0.9862217165971432, 0.9777901166018879], "accuracy": [0.9475181789440404, 0.97820593809223, 0.9643827346815576, 0.9433515050959943, 0.9864091559370529, 0.9670093234520679, 0.9835792479771537, 0.955210836792659, 0.976159230096238, 0.9617316431475723], "macro avg-precision": [0.8799158869969202, 0.9535412149661677, 0.9072322343396915, 0.8610243020381702, 0.9683349307005221, 0.9189954879523676, 0.9545045480733243, 0.8847106415036355, 0.9486026960518147, 0.9087116605075809], "macro avg-recall": [0.9172421731123388, 0.9607211419665089, 0.952101642358514, 0.9174310896810214, 0.9732757095683623, 0.9439673613027877, 0.9769269239821134, 0.9432771060043214, 0.9492173650414297, 0.9318654574505859], "macro avg-f1-score": [0.8971925908521303, 0.957087756827872, 0.9278788750894749, 0.8860360829245639, 0.9707865445897526, 0.9309418875075368, 0.9653200928232766, 0.9107757310292697, 0.9489097228565602, 0.9198104296308232],