{"a": {"1.0-precision": [0.7931769722814499, 0.9385964912280702, 0.8723849372384938, 0.7375, 0.9712746858168761, 0.9547101449275363, 0.9578207381370826, 0.8398791540785498, 0.8032786885245902, 0.8508474576271187], "1.0-recall": [0.8303571428571429, 0.9145299145299145, 0.9308035714285714, 0.8428571428571429, 0.9660714285714286, 0.9410714285714286, 0.9732142857142857, 0.9025974025974026, 0.875, 0.8964285714285715], "1.0-f1-score": [0.8113413304253, 0.9264069264069265, 0.9006479481641468, 0.7866666666666667, 0.9686660698299016, 0.9478417266187051, 0.9654561558901683, 0.8701095461658842, 0.8376068376068376, 0.8730434782608696], "2.0-precision": [0.9717891610987379, 0.985239852398524, 0.9890652557319224, 0.9754121262922604, 0.9947759142150123, 0.990911594602038, 0.9958711808422791, 0.9846743295019157, 0.9802614714175852, 0.9838485101642996], "2.0-recall": [0.9642725598526704, 0.9896219421793921, 0.9787085514834206, 0.9540858157966657, 0.9955971381397909, 0.9930996411813414, 0.9934102141680395, 0.9732390810401413, 0.9666329625884732, 0.9756973211819939], "2.0-f1-score": [0.9680162691809946, 0.9874260355029586, 0.983859649122807, 0.9646311135672838, 0.9951863567597304, 0.9920044113592501, 0.9946391752577319, 0.978923311325546, 0.9733995163548428, 0.9797559622850806], "accuracy": [0.9453050901043313, 0.9785217940619078, 0.9722306067008754, 0.9393221142450817, 0.991654744873629, 0.986134353334927, 0.9907187053783912, 0.9637317019882019, 0.9542869641294838, 0.9650801243721597], "macro avg-precision": [0.8824830666900939, 0.9619181718132971, 0.9307250964852081, 0.8564560631461302, 0.9830253000159442, 0.9728108697647871, 0.9768459594896808, 0.9122767417902328, 0.8917700799710877, 0.9173479838957092], "macro avg-recall": [0.8973148513549066, 0.9520759283546534, 0.954756061455996, 0.8984714793269043, 0.9808342833556097, 0.9670855348763849, 0.9833122499411626, 0.9379182418187719, 0.9208164812942365, 0.9360629463052828], "macro avg-f1-score": [0.8896787998031472, 0.9569164809549425, 0.9422537986434769, 0.8756488901169752, 0.981926213294816, 0.9699230689889776, 0.9800476655739501, 0.924516428745715, 0.9055031769808402, 0.926399720272975], "weighted avg-precision": [0.946490944029454, 0.9783450030530494, 0.9732871746316942, 0.9438333657509791, 0.9916379342667633, 0.9860651179542442, 0.9908002032328289, 0.965186929881904, 0.9564160221039183, 0.966034449073455], "weighted avg-recall": [0.9453050901043313, 0.9785217940619078, 0.9722306067008754, 0.9393221142450817, 0.991654744873629, 0.986134353334927, 0.9907187053783912, 0.9637317019882019, 0.9542869641294838, 0.9650801243721597], "weighted avg-f1-score": [0.9458251934419648, 0.9784061545626734, 0.9726073575352792, 0.9410093808665618, 0.9916452597924666, 0.9860921227016586, 0.9907499580169333, 0.9642785048282002, 0.9551037398656101, 0.9654629723177143]}, "b": {"1.0-precision": [0.8153846153846154, 0.9683972911963883, 0.910958904109589, 0.7730263157894737, 0.9710669077757685, 0.9744058500914077, 0.9462738301559792, 0.8848580441640379, 0.8949096880131363, 0.8661971830985915], "1.0-recall": [0.828125, 0.9166666666666666, 0.890625, 0.8392857142857143, 0.9589285714285715, 0.9517857142857142, 0.975, 0.9107142857142857, 0.8847402597402597, 0.8785714285714286], "1.0-f1-score": [0.8217054263565892, 0.9418221734357849, 0.9006772009029347, 0.8047945205479452, 0.9649595687331537, 0.9629629629629629, 0.9604221635883905, 0.8976, 0.889795918367347, 0.8723404255319148], "2.0-precision": [0.9715657311669128, 0.9856775615130371, 0.9829565217391304, 0.9750761561894212, 0.9936830541060149, 0.9925742574257426, 0.9961379310344828, 0.9860512300278975, 0.9820842795861721, 0.981179075560476], "2.0-recall": [0.969060773480663, 0.9948109710896961, 0.9863874345549738, 0.9622847772615468, 0.9955971381397909, 0.9961357990615513, 0.9914881933003844, 0.9815703105276445, 0.9838220424671386, 0.9790113228389947], "2.0-f1-score": [0.9703116356260373, 0.9902232060505441, 0.9846689895470383, 0.9686382393397525, 0.9946391752577319, 0.9943518390962943, 0.993807623503509, 0.9838056680161944, 0.9829523929789115, 0.9800940005529445], "accuracy": [0.9490989566866899, 0.9832596336070751, 0.9734379716269242, 0.945958757999526, 0.9907010014306151, 0.9901984221850346, 0.9892908138981438, 0.9720340834607821, 0.9704724409448819, 0.9655584788328151], "macro avg-precision": [0.8934751732757641, 0.9770374263547127, 0.9469577129243597, 0.8740512359894475, 0.9823749809408917, 0.9834900537585751, 0.971205880595231, 0.9354546370959678, 0.9384969837996542, 0.9236881293295338], "macro avg-recall": [0.8985928867403314, 0.9557388188781814, 0.938506217277487, 0.9007852457736305, 0.9772628547841812, 0.9739607566736328, 0.9832440966501922, 0.9461422981209651, 0.9342811511036991, 0.9287913757052116], "macro avg-f1-score": [0.8960085309913133, 0.9660226897431645, 0.9426730952249864, 0.8867163799438489, 0.9797993719954428, 0.9786574010296286, 0.9771148935459497, 0.9407028340080972, 0.9363741556731292, 0.9262172130424297], "weighted avg-precision": [0.9494445993710009, 0.9831231816936461, 0.9732206531312116, 0.9482574999618861, 0.9906632539283949, 0.9901419580933907, 0.9894925487184519, 0.9724320466125299, 0.970338971535212, 0.96577848723743], "weighted avg-recall": [0.9490989566866899, 0.9832596336070751, 0.9734379716269242, 0.945958757999526, 0.9907010014306151, 0.9901984221850346, 0.9892908138981438, 0.9720340834607821, 0.9704724409448819, 0.9655584788328151], "weighted avg-f1-score": [0.9492633960583127, 0.983068536668451, 0.973311210702318, 0.9468907914792614, 0.9906762330417653, 0.990149646738019, 0.9893583475509944, 0.9722035942783801, 0.9704011269332589, 0.965661567639341]}, "c": {"1.0-precision": [0.7033398821218074, 0.8773784355179705, 0.7103825136612022, 0.6931297709923664, 0.9392857142857143, 0.7596302003081664, 0.8571428571428571, 0.7131367292225201, 0.8340943683409436, 0.770096463022508], "1.0-recall": [0.7991071428571429, 0.8867521367521367, 0.8705357142857143, 0.8107142857142857, 0.9392857142857143, 0.8803571428571428, 0.9321428571428572, 0.8636363636363636, 0.8896103896103896, 0.8553571428571428], "1.0-f1-score": [0.7481713688610241, 0.8820403825717322, 0.7823470411233702, 0.7473251028806583, 0.9392857142857143, 0.815550041356493, 0.893071000855432, 0.7812041116005872, 0.8609583660644147, 0.8104906937394247], "2.0-precision": [0.9660889223813113, 0.9803193464537691, 0.9790159189580319, 0.9702581369248036, 0.9906439185470556, 0.9810413129598189, 0.989423879766212, 0.9780736100234926, 0.9826309067688378, 0.9772407979769598], "2.0-recall": [0.9443830570902394, 0.9785025945144552, 0.9445026178010472, 0.9450669581852965, 0.9906439185470556, 0.9569417609715706, 0.9761120263591433, 0.9459732390810401, 0.9724469160768453, 0.9605081469207402], "2.0-f1-score": [0.9551126839262433, 0.9794101279910964, 0.9614496358145319, 0.9574968849508514, 0.9906439185470556, 0.968841693446975, 0.9827228749136143, 0.9617556468172486, 0.9775123872443147, 0.9688022284122563], "accuracy": [0.9238065128042997, 0.9649399873657613, 0.9345004527618472, 0.9272339416923442, 0.9837863614687649, 0.9466889792015301, 0.9702522608281771, 0.9348918505571335, 0.9612860892388452, 0.9464243004066013], "macro avg-precision": [0.8347144022515594, 0.9288488909858698, 0.844699216309617, 0.831693953958585, 0.9649648164163849, 0.8703357566339927, 0.9232833684545345, 0.8456051696230064, 0.9083626375548908, 0.8736686304997339], "macro avg-recall": [0.8717450999736911, 0.932627365633296, 0.9075191660433808, 0.8778906219497911, 0.9649648164163849, 0.9186494519143567, 0.9541274417510002, 0.9048048013587019, 0.9310286528436175, 0.9079326448889415], "macro avg-f1-score": [0.8516420263936337, 0.9307252552814143, 0.871898338468951, 0.8524109939157549, 0.9649648164163849, 0.8921958674017341, 0.9378969378845232, 0.8714798792089179, 0.9192353766543646, 0.8896464610758406],